Disease,Probability scores
influenza,66.66666666666666
overload-fluid,33.33333333333333
paroxysmal-dyspnea,33.33333333333333
chronic-kidney-failure,33.33333333333333
failure-heart-congestive,33.33333333333333
failure-heart,33.33333333333333
edema-pulmonary,33.33333333333333
encephalopathy,33.33333333333333
cardiomyopathy,33.33333333333333
